image_file,crop_file,bbox_x1,bbox_y1,bbox_x2,bbox_y2,img_w,img_h,label
fan.jpg,fan_obj1.jpg,606,1550,1965,3208,4000,2252,
fan.jpg,fan_obj2.jpg,0,3098,2246,3971,4000,2252,
fan.jpg,fan_obj3.jpg,798,0,2244,2527,4000,2252,
fan.jpg,fan_obj4.jpg,0,3685,734,3999,4000,2252,
fan.jpg,fan_obj5.jpg,60,3667,2249,3999,4000,2252,
fan.jpg,fan_obj6.jpg,668,1617,1747,2846,4000,2252,
fan.jpg,fan_obj7.jpg,1812,2234,1908,2435,4000,2252,
fan.jpg,fan_obj8.jpg,0,2566,2248,3603,4000,2252,
fan.jpg,fan_obj9.jpg,9,0,2247,3810,4000,2252,
fan.jpg,fan_obj10.jpg,64,3668,1427,3999,4000,2252,
fan.jpg,fan_obj11.jpg,1504,2210,1968,3206,4000,2252,
fan.jpg,fan_obj12.jpg,7,0,776,2889,4000,2252,
fan.jpg,fan_obj13.jpg,21,0,2246,2532,4000,2252,
fan.jpg,fan_obj14.jpg,0,3810,336,3999,4000,2252,
fan.jpg,fan_obj15.jpg,1026,2185,1213,2391,4000,2252,
fan.jpg,fan_obj16.jpg,1895,2859,1968,2957,4000,2252,
fan.jpg,fan_obj17.jpg,1413,3851,2249,3999,4000,2252,
fan.jpg,fan_obj18.jpg,602,2314,916,2942,4000,2252,
fan.jpg,fan_obj19.jpg,1347,3849,1443,3999,4000,2252,
fan.jpg,fan_obj20.jpg,1390,3016,1537,3869,4000,2252,
fan.jpg,fan_obj21.jpg,1902,2516,2251,2853,4000,2252,
fan.jpg,fan_obj22.jpg,1041,2296,1195,2381,4000,2252,
fan.jpg,fan_obj23.jpg,0,3055,82,3249,4000,2252,
fan.jpg,fan_obj24.jpg,1353,3016,1538,3999,4000,2252,
fan.jpg,fan_obj25.jpg,602,2743,911,2942,4000,2252,
fan.jpg,fan_obj26.jpg,0,3656,58,3695,4000,2252,
fan.jpg,fan_obj27.jpg,1898,2765,2251,2990,4000,2252,
fan.jpg,fan_obj28.jpg,1909,2417,2251,2542,4000,2252,
fan.jpg,fan_obj29.jpg,1902,2656,2251,2800,4000,2252,
fan.jpg,fan_obj30.jpg,1401,3744,1445,3813,4000,2252,
fan.jpg,fan_obj31.jpg,1046,2191,1196,2266,4000,2252,
kitchen weight scale.jpg,kitchen weight scale_obj1.jpg,0,0,2244,3361,4000,2252,
kitchen weight scale.jpg,kitchen weight scale_obj2.jpg,62,0,2245,1590,4000,2252,
kitchen weight scale.jpg,kitchen weight scale_obj3.jpg,826,1345,1901,2479,4000,2252,
kitchen weight scale.jpg,kitchen weight scale_obj4.jpg,1353,2404,1546,2573,4000,2252,
kitchen weight scale.jpg,kitchen weight scale_obj5.jpg,1552,3284,2248,3999,4000,2252,
kitchen weight scale.jpg,kitchen weight scale_obj6.jpg,0,0,603,3361,4000,2252,
kitchen weight scale.jpg,kitchen weight scale_obj7.jpg,1552,3286,2011,3999,4000,2252,
kitchen weight scale.jpg,kitchen weight scale_obj8.jpg,1180,2415,1358,2584,4000,2252,
kitchen weight scale.jpg,kitchen weight scale_obj9.jpg,593,2717,1010,3999,4000,2252,
kitchen weight scale.jpg,kitchen weight scale_obj10.jpg,591,2718,1408,3999,4000,2252,
kitchen weight scale.jpg,kitchen weight scale_obj11.jpg,95,3098,364,3442,4000,2252,
kitchen weight scale.jpg,kitchen weight scale_obj12.jpg,1940,2554,2251,2813,4000,2252,
kitchen weight scale.jpg,kitchen weight scale_obj13.jpg,0,3757,134,3999,4000,2252,
kitchen weight scale.jpg,kitchen weight scale_obj14.jpg,453,2713,797,3999,4000,2252,
kitchen weight scale.jpg,kitchen weight scale_obj15.jpg,616,1350,1915,3900,4000,2252,
kitchen weight scale.jpg,kitchen weight scale_obj16.jpg,1961,3390,2251,3999,4000,2252,
kitchen weight scale.jpg,kitchen weight scale_obj17.jpg,195,2694,694,3999,4000,2252,
kitchen weight scale.jpg,kitchen weight scale_obj18.jpg,451,1332,2187,2894,4000,2252,
kitchen weight scale.jpg,kitchen weight scale_obj19.jpg,1580,2408,1659,2549,4000,2252,
kitchen weight scale.jpg,kitchen weight scale_obj20.jpg,1795,3418,1917,3746,4000,2252,
kitchen weight scale.jpg,kitchen weight scale_obj21.jpg,1922,1744,2251,2560,4000,2252,
kitchen weight scale.jpg,kitchen weight scale_obj22.jpg,319,1394,817,2649,4000,2252,
kitchen weight scale.jpg,kitchen weight scale_obj23.jpg,1953,1425,2251,2289,4000,2252,
kitchen weight scale.jpg,kitchen weight scale_obj24.jpg,1395,2812,2248,3999,4000,2252,
kitchen weight scale.jpg,kitchen weight scale_obj25.jpg,1925,1426,2251,2596,4000,2252,
kitchen weight scale.jpg,kitchen weight scale_obj26.jpg,985,2748,1404,2951,4000,2252,
kitchen weight scale.jpg,kitchen weight scale_obj27.jpg,1415,2814,2251,3197,4000,2252,
kitchen weight scale.jpg,kitchen weight scale_obj28.jpg,834,2357,1692,2648,4000,2252,
kitchen weight scale.jpg,kitchen weight scale_obj29.jpg,455,3389,663,3999,4000,2252,
kitchen weight scale.jpg,kitchen weight scale_obj30.jpg,1075,2440,1147,2580,4000,2252,
kitchen weight scale.jpg,kitchen weight scale_obj31.jpg,0,2703,541,3999,4000,2252,
kitchen weight scale.jpg,kitchen weight scale_obj32.jpg,1095,2403,1546,2584,4000,2252,
kitchen weight scale.jpg,kitchen weight scale_obj33.jpg,1923,2405,2251,2597,4000,2252,
kitchen weight scale.jpg,kitchen weight scale_obj34.jpg,713,3111,858,3242,4000,2252,
kitchen weight scale.jpg,kitchen weight scale_obj35.jpg,750,3057,907,3122,4000,2252,
kitchen weight scale.jpg,kitchen weight scale_obj36.jpg,399,3342,541,3478,4000,2252,
kitchen weight scale.jpg,kitchen weight scale_obj37.jpg,793,2826,938,2947,4000,2252,
kitchen weight scale.jpg,kitchen weight scale_obj38.jpg,562,2712,797,3395,4000,2252,
kitchen weight scale.jpg,kitchen weight scale_obj39.jpg,1180,2404,1635,2584,4000,2252,
kitchen weight scale.jpg,kitchen weight scale_obj40.jpg,505,2811,2249,3999,4000,2252,
kitchen weight scale.jpg,kitchen weight scale_obj41.jpg,1072,3712,1167,3854,4000,2252,
kitchen weight scale.jpg,kitchen weight scale_obj42.jpg,1924,2408,2251,2812,4000,2252,
kitchen weight scale.jpg,kitchen weight scale_obj43.jpg,590,2682,701,2714,4000,2252,
kitchen weight scale.jpg,kitchen weight scale_obj44.jpg,10,3890,69,3947,4000,2252,
kitchen weight scale.jpg,kitchen weight scale_obj45.jpg,2183,2799,2251,2933,4000,2252,
kitchen weight scale.jpg,kitchen weight scale_obj46.jpg,827,2378,1053,2496,4000,2252,
kitchen weight scale.jpg,kitchen weight scale_obj47.jpg,654,1167,716,1219,4000,2252,
kitchen weight scale.jpg,kitchen weight scale_obj48.jpg,762,2941,899,3117,4000,2252,
kitchen weight scale.jpg,kitchen weight scale_obj49.jpg,1667,2276,1919,2442,4000,2252,
kitchen weight scale.jpg,kitchen weight scale_obj50.jpg,617,1857,689,2036,4000,2252,
kitchen weight scale.jpg,kitchen weight scale_obj51.jpg,1191,3403,1277,3467,4000,2252,
kitchen weight scale.jpg,kitchen weight scale_obj52.jpg,1201,3267,1285,3332,4000,2252,
kitchen weight scale.jpg,kitchen weight scale_obj53.jpg,668,3407,732,3591,4000,2252,
dish washer.jpg,dish washer_obj1.jpg,0,1546,555,3334,4000,2252,
dish washer.jpg,dish washer_obj2.jpg,604,868,996,1068,4000,2252,
dish washer.jpg,dish washer_obj3.jpg,57,3666,938,3999,4000,2252,
dish washer.jpg,dish washer_obj4.jpg,0,2871,2248,3999,4000,2252,
dish washer.jpg,dish washer_obj5.jpg,639,1306,2179,3150,4000,2252,
dish washer.jpg,dish washer_obj6.jpg,736,3059,1536,3651,4000,2252,
dish washer.jpg,dish washer_obj7.jpg,1559,3345,2248,3999,4000,2252,
dish washer.jpg,dish washer_obj8.jpg,0,0,375,1563,4000,2252,
dish washer.jpg,dish washer_obj9.jpg,1337,2945,2183,3483,4000,2252,
dish washer.jpg,dish washer_obj10.jpg,712,2677,2006,3162,4000,2252,
dish washer.jpg,dish washer_obj11.jpg,0,21,170,1563,4000,2252,
dish washer.jpg,dish washer_obj12.jpg,851,3496,1805,3999,4000,2252,
dish washer.jpg,dish washer_obj13.jpg,1698,590,2031,748,4000,2252,
dish washer.jpg,dish washer_obj14.jpg,1924,2860,2251,3336,4000,2252,
dish washer.jpg,dish washer_obj15.jpg,641,1302,2180,1847,4000,2252,
dish washer.jpg,dish washer_obj16.jpg,668,0,911,335,4000,2252,
dish washer.jpg,dish washer_obj17.jpg,20,3144,833,3852,4000,2252,
dish washer.jpg,dish washer_obj18.jpg,673,1700,2108,2902,4000,2252,
dish washer.jpg,dish washer_obj19.jpg,0,3863,63,3999,4000,2252,
dish washer.jpg,dish washer_obj20.jpg,983,906,1501,1283,4000,2252,
dish washer.jpg,dish washer_obj21.jpg,1903,0,2251,672,4000,2252,
dish washer.jpg,dish washer_obj22.jpg,0,1548,521,2103,4000,2252,
dish washer.jpg,dish washer_obj23.jpg,1827,353,2116,733,4000,2252,
dish washer.jpg,dish washer_obj24.jpg,1469,994,1859,1072,4000,2252,
dish washer.jpg,dish washer_obj25.jpg,1466,1065,1845,1204,4000,2252,
dish washer.jpg,dish washer_obj26.jpg,332,989,2251,1430,4000,2252,
dish washer.jpg,dish washer_obj27.jpg,1373,0,1921,634,4000,2252,
dish washer.jpg,dish washer_obj28.jpg,1401,699,1788,890,4000,2252,
dish washer.jpg,dish washer_obj29.jpg,1466,995,1859,1202,4000,2252,
dish washer.jpg,dish washer_obj30.jpg,1516,2233,1934,2534,4000,2252,
dish washer.jpg,dish washer_obj31.jpg,0,1975,490,2385,4000,2252,
dish washer.jpg,dish washer_obj32.jpg,356,1124,716,3310,4000,2252,
dish washer.jpg,dish washer_obj33.jpg,721,237,964,502,4000,2252,
dish washer.jpg,dish washer_obj34.jpg,0,2301,148,2386,4000,2252,
dish washer.jpg,dish washer_obj35.jpg,1899,835,2251,1184,4000,2252,
dish washer.jpg,dish washer_obj36.jpg,327,717,1270,985,4000,2252,
dish washer.jpg,dish washer_obj37.jpg,754,907,1504,1283,4000,2252,
dish washer.jpg,dish washer_obj38.jpg,1817,1544,1952,1684,4000,2252,
dish washer.jpg,dish washer_obj39.jpg,0,2034,334,2310,4000,2252,
dish washer.jpg,dish washer_obj40.jpg,275,0,2251,754,4000,2252,
dish washer.jpg,dish washer_obj41.jpg,753,1168,1039,1259,4000,2252,
dish washer.jpg,dish washer_obj42.jpg,330,987,2248,3301,4000,2252,
dish washer.jpg,dish washer_obj43.jpg,2105,664,2251,838,4000,2252,
dish washer.jpg,dish washer_obj44.jpg,0,3339,51,3868,4000,2252,
dish washer.jpg,dish washer_obj45.jpg,327,716,2242,986,4000,2252,
dish washer.jpg,dish washer_obj46.jpg,1610,1068,1842,1198,4000,2252,
dish washer.jpg,dish washer_obj47.jpg,1373,0,2071,724,4000,2252,
dish washer.jpg,dish washer_obj48.jpg,1054,701,1788,892,4000,2252,
dish washer.jpg,dish washer_obj49.jpg,2129,1278,2251,1332,4000,2252,
dish washer.jpg,dish washer_obj50.jpg,1783,712,2147,862,4000,2252,
dish washer.jpg,dish washer_obj51.jpg,761,359,834,447,4000,2252,
dish washer.jpg,dish washer_obj52.jpg,716,2345,1032,2704,4000,2252,
dish washer.jpg,dish washer_obj53.jpg,2028,1654,2251,2804,4000,2252,
dish washer.jpg,dish washer_obj54.jpg,1993,2774,2251,2906,4000,2252,
dish washer.jpg,dish washer_obj55.jpg,2130,926,2251,1056,4000,2252,
dish washer.jpg,dish washer_obj56.jpg,2002,1284,2251,2896,4000,2252,
dish washer.jpg,dish washer_obj57.jpg,1721,711,2147,993,4000,2252,
dish washer.jpg,dish washer_obj58.jpg,1426,0,2251,674,4000,2252,
dish washer.jpg,dish washer_obj59.jpg,2138,1867,2251,2713,4000,2252,
dish washer.jpg,dish washer_obj60.jpg,668,0,965,499,4000,2252,
dish washer.jpg,dish washer_obj61.jpg,273,0,1374,752,4000,2252,
dish washer.jpg,dish washer_obj62.jpg,2165,1323,2251,1587,4000,2252,
dish washer.jpg,dish washer_obj63.jpg,1618,2429,1994,2686,4000,2252,
dish washer.jpg,dish washer_obj64.jpg,1718,904,1913,996,4000,2252,
dish washer.jpg,dish washer_obj65.jpg,1450,2277,1524,2351,4000,2252,
dish washer.jpg,dish washer_obj66.jpg,1239,1793,1288,1971,4000,2252,
dish washer.jpg,dish washer_obj67.jpg,1070,1670,1117,1734,4000,2252,
dish washer.jpg,dish washer_obj68.jpg,474,968,1026,1126,4000,2252,
dish washer.jpg,dish washer_obj69.jpg,10,3177,940,3999,4000,2252,
dish washer.jpg,dish washer_obj70.jpg,2104,1787,2146,1918,4000,2252,
dish washer.jpg,dish washer_obj71.jpg,1566,470,1815,667,4000,2252,
dish washer.jpg,dish washer_obj72.jpg,754,909,1837,1282,4000,2252,
dish washer.jpg,dish washer_obj73.jpg,7,3134,1631,3999,4000,2252,
dish washer.jpg,dish washer_obj74.jpg,1244,1501,1332,1581,4000,2252,
dish washer.jpg,dish washer_obj75.jpg,1409,2868,2248,3999,4000,2252,
dish washer.jpg,dish washer_obj76.jpg,208,0,2247,1505,4000,2252,
dish washer.jpg,dish washer_obj77.jpg,1201,660,1316,697,4000,2252,
dish washer.jpg,dish washer_obj78.jpg,583,1428,630,1499,4000,2252,
dish washer.jpg,dish washer_obj79.jpg,697,1554,792,1633,4000,2252,
dish washer.jpg,dish washer_obj80.jpg,1471,937,1718,995,4000,2252,
dish washer.jpg,dish washer_obj81.jpg,976,907,1271,1280,4000,2252,
dish washer.jpg,dish washer_obj82.jpg,80,1974,489,2292,4000,2252,
dish washer.jpg,dish washer_obj83.jpg,0,3340,61,3999,4000,2252,
dish washer.jpg,dish washer_obj84.jpg,784,1509,1249,1612,4000,2252,
dish washer.jpg,dish washer_obj85.jpg,1019,1674,1066,1738,4000,2252,
dish washer.jpg,dish washer_obj86.jpg,1211,930,1499,1271,4000,2252,
dish washer.jpg,dish washer_obj87.jpg,920,1687,968,1747,4000,2252,
dish washer.jpg,dish washer_obj88.jpg,1719,863,1914,995,4000,2252,
instant pot.jpg,instant pot_obj1.jpg,7,2370,2245,3999,4000,2252,
instant pot.jpg,instant pot_obj2.jpg,0,643,2247,2074,4000,2252,
instant pot.jpg,instant pot_obj3.jpg,1412,928,2005,2018,4000,2252,
instant pot.jpg,instant pot_obj4.jpg,1809,2051,2251,2731,4000,2252,
instant pot.jpg,instant pot_obj5.jpg,605,1008,1406,1854,4000,2252,
instant pot.jpg,instant pot_obj6.jpg,1412,1490,2001,2019,4000,2252,
instant pot.jpg,instant pot_obj7.jpg,0,2144,93,2440,4000,2252,
instant pot.jpg,instant pot_obj8.jpg,0,378,763,542,4000,2252,
instant pot.jpg,instant pot_obj9.jpg,386,1684,1593,2973,4000,2252,
instant pot.jpg,instant pot_obj10.jpg,718,2459,966,2730,4000,2252,
instant pot.jpg,instant pot_obj11.jpg,1150,0,2249,353,4000,2252,
instant pot.jpg,instant pot_obj12.jpg,622,2387,1088,2897,4000,2252,
instant pot.jpg,instant pot_obj13.jpg,759,0,992,540,4000,2252,
instant pot.jpg,instant pot_obj14.jpg,0,2399,511,2757,4000,2252,
instant pot.jpg,instant pot_obj15.jpg,1219,337,2249,541,4000,2252,
instant pot.jpg,instant pot_obj16.jpg,1690,927,1821,1444,4000,2252,
instant pot.jpg,instant pot_obj17.jpg,1203,0,1407,259,4000,2252,
instant pot.jpg,instant pot_obj18.jpg,985,0,1224,542,4000,2252,
instant pot.jpg,instant pot_obj19.jpg,0,678,2247,3999,4000,2252,
instant pot.jpg,instant pot_obj20.jpg,0,2052,1995,2407,4000,2252,
instant pot.jpg,instant pot_obj21.jpg,1170,551,1257,635,4000,2252,
instant pot.jpg,instant pot_obj22.jpg,1443,2039,1598,2214,4000,2252,
instant pot.jpg,instant pot_obj23.jpg,0,63,552,293,4000,2252,
instant pot.jpg,instant pot_obj24.jpg,1400,0,2248,257,4000,2252,
instant pot.jpg,instant pot_obj25.jpg,1875,2123,2251,2673,4000,2252,
instant pot.jpg,instant pot_obj26.jpg,390,1684,1592,2339,4000,2252,
instant pot.jpg,instant pot_obj27.jpg,504,2213,1469,2974,4000,2252,
instant pot.jpg,instant pot_obj28.jpg,1196,3168,1245,3214,4000,2252,
instant pot.jpg,instant pot_obj29.jpg,909,545,1080,680,4000,2252,
instant pot.jpg,instant pot_obj30.jpg,774,1680,871,1734,4000,2252,
instant pot.jpg,instant pot_obj31.jpg,858,2800,945,2858,4000,2252,
instant pot.jpg,instant pot_obj32.jpg,1047,544,1186,681,4000,2252,
instant pot.jpg,instant pot_obj33.jpg,0,2500,302,2656,4000,2252,
instant pot.jpg,instant pot_obj34.jpg,908,1931,1080,2018,4000,2252,
instant pot.jpg,instant pot_obj35.jpg,0,0,2251,679,4000,2252,
instant pot.jpg,instant pot_obj36.jpg,383,2000,536,2167,4000,2252,
instant pot.jpg,instant pot_obj37.jpg,1472,2417,1811,2467,4000,2252,
instant pot.jpg,instant pot_obj38.jpg,0,2053,499,2359,4000,2252,
instant pot.jpg,instant pot_obj39.jpg,1163,1908,1279,1974,4000,2252,
instant pot.jpg,instant pot_obj40.jpg,2031,2920,2081,2956,4000,2252,
instant pot.jpg,instant pot_obj41.jpg,0,545,1003,679,4000,2252,
instant pot.jpg,instant pot_obj42.jpg,982,2188,1030,2234,4000,2252,
instant pot.jpg,instant pot_obj43.jpg,0,0,820,382,4000,2252,
instant pot.jpg,instant pot_obj44.jpg,1044,1915,1203,1991,4000,2252,
instant pot.jpg,instant pot_obj45.jpg,2088,2048,2251,2084,4000,2252,
instant pot.jpg,instant pot_obj46.jpg,860,3270,904,3315,4000,2252,
instant pot.jpg,instant pot_obj47.jpg,828,1907,1282,2034,4000,2252,
instant pot.jpg,instant pot_obj48.jpg,1425,927,1821,1743,4000,2252,
instant pot.jpg,instant pot_obj49.jpg,0,547,2241,679,4000,2252,
instant pot.jpg,instant pot_obj50.jpg,993,2659,1049,2710,4000,2252,
instant pot.jpg,instant pot_obj51.jpg,651,3915,733,3952,4000,2252,
instant pot.jpg,instant pot_obj52.jpg,0,2048,396,2094,4000,2252,
instant pot.jpg,instant pot_obj53.jpg,1347,3776,1410,3833,4000,2252,
instant pot.jpg,instant pot_obj54.jpg,1477,2080,1980,2403,4000,2252,
instant pot.jpg,instant pot_obj55.jpg,950,3927,978,3956,4000,2252,
instant pot.jpg,instant pot_obj56.jpg,537,0,737,286,4000,2252,
instant pot.jpg,instant pot_obj57.jpg,1600,1706,1812,1900,4000,2252,
instant pot.jpg,instant pot_obj58.jpg,1696,1443,1753,1492,4000,2252,
instant pot.jpg,instant pot_obj59.jpg,350,3679,405,3767,4000,2252,
instant pot.jpg,instant pot_obj60.jpg,274,3053,342,3074,4000,2252,
instant pot.jpg,instant pot_obj61.jpg,0,2048,1950,2094,4000,2252,
instant pot.jpg,instant pot_obj62.jpg,1285,3435,1313,3467,4000,2252,
instant pot.jpg,instant pot_obj63.jpg,1620,3166,1661,3188,4000,2252,
instant pot.jpg,instant pot_obj64.jpg,1434,1923,1499,1997,4000,2252,
instant pot.jpg,instant pot_obj65.jpg,1716,3412,1754,3443,4000,2252,
instant pot.jpg,instant pot_obj66.jpg,610,2727,1424,2978,4000,2252,
instant pot.jpg,instant pot_obj67.jpg,970,2804,1039,2849,4000,2252,
instant pot.jpg,instant pot_obj68.jpg,605,1007,1883,1947,4000,2252,
instant pot.jpg,instant pot_obj69.jpg,1472,2416,2023,2667,4000,2252,
instant pot.jpg,instant pot_obj70.jpg,758,2786,840,2845,4000,2252,
instant pot.jpg,instant pot_obj71.jpg,657,2532,697,2585,4000,2252,
heater.jpg,heater_obj1.jpg,6,0,2077,2478,4000,2252,
heater.jpg,heater_obj2.jpg,0,2627,2246,3999,4000,2252,
heater.jpg,heater_obj3.jpg,0,3621,436,3999,4000,2252,
heater.jpg,heater_obj4.jpg,1263,2939,2124,3642,4000,2252,
heater.jpg,heater_obj5.jpg,1930,2960,2251,3644,4000,2252,
heater.jpg,heater_obj6.jpg,1299,3629,2236,3999,4000,2252,
heater.jpg,heater_obj7.jpg,0,2626,629,2930,4000,2252,
heater.jpg,heater_obj8.jpg,372,3622,1308,3999,4000,2252,
heater.jpg,heater_obj9.jpg,1835,2667,2251,2963,4000,2252,
heater.jpg,heater_obj10.jpg,0,2927,589,3619,4000,2252,
heater.jpg,heater_obj11.jpg,459,2934,1289,3623,4000,2252,
heater.jpg,heater_obj12.jpg,1845,815,2251,2625,4000,2252,
heater.jpg,heater_obj13.jpg,983,1012,1174,1327,4000,2252,
heater.jpg,heater_obj14.jpg,1647,0,2251,2652,4000,2252,
heater.jpg,heater_obj15.jpg,0,1081,294,2632,4000,2252,
heater.jpg,heater_obj16.jpg,1271,2640,1916,2952,4000,2252,
heater.jpg,heater_obj17.jpg,0,2927,589,3999,4000,2252,
heater.jpg,heater_obj18.jpg,2143,3647,2251,3986,4000,2252,
heater.jpg,heater_obj19.jpg,281,2458,623,2621,4000,2252,
heater.jpg,heater_obj20.jpg,1272,2639,2187,2953,4000,2252,
heater.jpg,heater_obj21.jpg,1038,1183,1127,1267,4000,2252,
heater.jpg,heater_obj22.jpg,0,2439,53,2620,4000,2252,
heater.jpg,heater_obj23.jpg,455,2934,1290,3933,4000,2252,
heater.jpg,heater_obj24.jpg,2132,1874,2251,2320,4000,2252,
heater.jpg,heater_obj25.jpg,1410,1594,1559,2225,4000,2252,
heater.jpg,heater_obj26.jpg,516,1631,552,1781,4000,2252,
heater.jpg,heater_obj27.jpg,1330,1570,1559,2224,4000,2252,
heater.jpg,heater_obj28.jpg,1454,2473,1655,2642,4000,2252,
heater.jpg,heater_obj29.jpg,1148,2806,1258,3052,4000,2252,
heater.jpg,heater_obj30.jpg,1419,2306,1438,2395,4000,2252,
heater.jpg,heater_obj31.jpg,1401,2392,1464,2673,4000,2252,
tv.jpg,tv_obj1.jpg,1069,669,2801,1657,2252,4000,
tv.jpg,tv_obj2.jpg,267,0,3965,2240,2252,4000,
tv.jpg,tv_obj3.jpg,3124,203,3999,2246,2252,4000,
tv.jpg,tv_obj4.jpg,1493,1966,2296,2203,2252,4000,
tv.jpg,tv_obj5.jpg,371,1670,3267,2247,2252,4000,
tv.jpg,tv_obj6.jpg,0,0,377,2246,2252,4000,
tv.jpg,tv_obj7.jpg,2703,1355,2874,1869,2252,4000,
tv.jpg,tv_obj8.jpg,567,1995,1451,2237,2252,4000,
tv.jpg,tv_obj9.jpg,2874,1580,3063,1726,2252,4000,
tv.jpg,tv_obj10.jpg,2872,1434,2956,1584,2252,4000,
tv.jpg,tv_obj11.jpg,2336,1935,3100,2159,2252,4000,
tv.jpg,tv_obj12.jpg,574,1776,1064,1912,2252,4000,
tv.jpg,tv_obj13.jpg,3623,2035,3861,2251,2252,4000,
tv.jpg,tv_obj14.jpg,2969,0,3999,1733,2252,4000,
tv.jpg,tv_obj15.jpg,568,1994,2287,2237,2252,4000,
tv.jpg,tv_obj16.jpg,2587,1301,2710,1637,2252,4000,
tv.jpg,tv_obj17.jpg,3259,2056,3499,2251,2252,4000,
tv.jpg,tv_obj18.jpg,599,668,2802,1852,2252,4000,
tv.jpg,tv_obj19.jpg,1501,1934,3100,2192,2252,4000,
tv.jpg,tv_obj20.jpg,274,0,2996,2103,2252,4000,
tv.jpg,tv_obj21.jpg,1702,756,2021,1604,2252,4000,
tv.jpg,tv_obj22.jpg,1217,691,1707,1018,2252,4000,
tv.jpg,tv_obj23.jpg,2966,169,3176,1737,2252,4000,
tv.jpg,tv_obj24.jpg,2344,992,2735,1166,2252,4000,
tv.jpg,tv_obj25.jpg,718,1347,861,1427,2252,4000,
tv.jpg,tv_obj26.jpg,0,144,209,2246,2252,4000,
tv.jpg,tv_obj27.jpg,0,1837,131,2251,2252,4000,
tv.jpg,tv_obj28.jpg,1442,1714,2218,1868,2252,4000,
tv.jpg,tv_obj29.jpg,1917,2160,3094,2251,2252,4000,
tv.jpg,tv_obj30.jpg,1071,670,3198,2117,2252,4000,
tv.jpg,tv_obj31.jpg,1290,1312,1449,1439,2252,4000,
tv.jpg,tv_obj32.jpg,886,1358,1039,1476,2252,4000,
tv.jpg,tv_obj33.jpg,2784,1080,3001,1489,2252,4000,
tv.jpg,tv_obj34.jpg,579,1424,1059,1563,2252,4000,
tv.jpg,tv_obj35.jpg,3181,6,3999,191,2252,4000,
tv.jpg,tv_obj36.jpg,1379,1657,1865,1715,2252,4000,
tv.jpg,tv_obj37.jpg,503,1500,1098,1812,2252,4000,
tv.jpg,tv_obj38.jpg,1443,1712,2220,1947,2252,4000,
tv.jpg,tv_obj39.jpg,1872,2060,1937,2127,2252,4000,
tv.jpg,tv_obj40.jpg,75,0,211,101,2252,4000,
tv.jpg,tv_obj41.jpg,578,1363,1067,1563,2252,4000,
tv.jpg,tv_obj42.jpg,2007,1653,2099,1705,2252,4000,
tv.jpg,tv_obj43.jpg,0,0,260,132,2252,4000,
tv.jpg,tv_obj44.jpg,2098,1647,2702,1718,2252,4000,
tv.jpg,tv_obj45.jpg,2062,1186,2129,1286,2252,4000,
tv.jpg,tv_obj46.jpg,887,1357,1038,1426,2252,4000,
tv.jpg,tv_obj47.jpg,2785,1083,3063,1726,2252,4000,
tv.jpg,tv_obj48.jpg,2943,1723,3023,1798,2252,4000,
tv.jpg,tv_obj49.jpg,3169,1720,3275,1808,2252,4000,
tv.jpg,tv_obj50.jpg,2175,1717,2600,1785,2252,4000,
tv.jpg,tv_obj51.jpg,1142,1667,1266,1724,2252,4000,
tv.jpg,tv_obj52.jpg,2253,1360,2471,1619,2252,4000,
tv.jpg,tv_obj53.jpg,524,1711,1035,1813,2252,4000,
tv.jpg,tv_obj54.jpg,2511,1707,2605,1759,2252,4000,
tv.jpg,tv_obj55.jpg,3000,0,3189,173,2252,4000,
tv.jpg,tv_obj56.jpg,1292,1755,1504,1814,2252,4000,
tv.jpg,tv_obj57.jpg,3039,25,3156,143,2252,4000,
tv.jpg,tv_obj58.jpg,583,1782,855,1882,2252,4000,
tv.jpg,tv_obj59.jpg,1378,1656,2090,1717,2252,4000,
tv.jpg,tv_obj60.jpg,1111,1423,1208,1637,2252,4000,
tv.jpg,tv_obj61.jpg,2873,1437,3065,1726,2252,4000,
tv.jpg,tv_obj62.jpg,863,1254,979,1421,2252,4000,
tv.jpg,tv_obj63.jpg,1040,1231,1084,1264,2252,4000,
vaccum cleaner.jpg,vaccum cleaner_obj1.jpg,0,0,1340,3350,4000,2252,
vaccum cleaner.jpg,vaccum cleaner_obj2.jpg,1514,1061,2251,3471,4000,2252,
vaccum cleaner.jpg,vaccum cleaner_obj3.jpg,0,0,2228,3356,4000,2252,
vaccum cleaner.jpg,vaccum cleaner_obj4.jpg,1855,3359,2251,3999,4000,2252,
vaccum cleaner.jpg,vaccum cleaner_obj5.jpg,1440,115,2251,3471,4000,2252,
vaccum cleaner.jpg,vaccum cleaner_obj6.jpg,706,2721,1547,3999,4000,2252,
vaccum cleaner.jpg,vaccum cleaner_obj7.jpg,757,79,1444,1049,4000,2252,
vaccum cleaner.jpg,vaccum cleaner_obj8.jpg,12,2832,1003,3986,4000,2252,
vaccum cleaner.jpg,vaccum cleaner_obj9.jpg,1327,3145,1924,3999,4000,2252,
vaccum cleaner.jpg,vaccum cleaner_obj10.jpg,593,3192,800,3367,4000,2252,
vaccum cleaner.jpg,vaccum cleaner_obj11.jpg,1923,2387,2251,3240,4000,2252,
vaccum cleaner.jpg,vaccum cleaner_obj12.jpg,2144,1653,2251,1966,4000,2252,
vaccum cleaner.jpg,vaccum cleaner_obj13.jpg,0,3632,157,3999,4000,2252,
vaccum cleaner.jpg,vaccum cleaner_obj14.jpg,449,0,891,3055,4000,2252,
vaccum cleaner.jpg,vaccum cleaner_obj15.jpg,1329,943,1643,1405,4000,2252,
vaccum cleaner.jpg,vaccum cleaner_obj16.jpg,369,2976,526,3458,4000,2252,
vaccum cleaner.jpg,vaccum cleaner_obj17.jpg,1727,1512,2011,1802,4000,2252,
vaccum cleaner.jpg,vaccum cleaner_obj18.jpg,1641,3117,2049,3351,4000,2252,
vaccum cleaner.jpg,vaccum cleaner_obj19.jpg,1410,155,2251,1712,4000,2252,
vaccum cleaner.jpg,vaccum cleaner_obj20.jpg,1290,3859,1632,3999,4000,2252,
vaccum cleaner.jpg,vaccum cleaner_obj21.jpg,1281,3133,2249,3999,4000,2252,
vaccum cleaner.jpg,vaccum cleaner_obj22.jpg,1151,1039,1280,1774,4000,2252,
vaccum cleaner.jpg,vaccum cleaner_obj23.jpg,0,3631,67,3844,4000,2252,
vaccum cleaner.jpg,vaccum cleaner_obj24.jpg,1551,1037,1914,1558,4000,2252,
vaccum cleaner.jpg,vaccum cleaner_obj25.jpg,545,2589,738,2847,4000,2252,
vaccum cleaner.jpg,vaccum cleaner_obj26.jpg,1113,3910,1206,3999,4000,2252,
vaccum cleaner.jpg,vaccum cleaner_obj27.jpg,758,79,1440,1781,4000,2252,
vaccum cleaner.jpg,vaccum cleaner_obj28.jpg,2196,2680,2251,2965,4000,2252,
vaccum cleaner.jpg,vaccum cleaner_obj29.jpg,1330,943,1644,1606,4000,2252,
vaccum cleaner.jpg,vaccum cleaner_obj30.jpg,0,3847,98,3999,4000,2252,
vaccum cleaner.jpg,vaccum cleaner_obj31.jpg,1311,944,1913,1782,4000,2252,
vaccum cleaner.jpg,vaccum cleaner_obj32.jpg,1337,1989,1586,2414,4000,2252,
vaccum cleaner.jpg,vaccum cleaner_obj33.jpg,1475,1695,1709,1834,4000,2252,
vaccum cleaner.jpg,vaccum cleaner_obj34.jpg,519,1946,649,2383,4000,2252,
vaccum cleaner.jpg,vaccum cleaner_obj35.jpg,1408,2383,1675,2783,4000,2252,
vaccum cleaner.jpg,vaccum cleaner_obj36.jpg,1095,1394,1169,1645,4000,2252,
vaccum cleaner.jpg,vaccum cleaner_obj37.jpg,24,3138,2249,3999,4000,2252,
vaccum cleaner.jpg,vaccum cleaner_obj38.jpg,218,3324,673,3754,4000,2252,
vaccum cleaner.jpg,vaccum cleaner_obj39.jpg,217,2977,673,3751,4000,2252,
vaccum cleaner.jpg,vaccum cleaner_obj40.jpg,1468,1038,1914,1782,4000,2252,
vaccum cleaner.jpg,vaccum cleaner_obj41.jpg,1448,257,2251,705,4000,2252,
vaccum cleaner.jpg,vaccum cleaner_obj42.jpg,359,2625,1548,3999,4000,2252,
vaccum cleaner.jpg,vaccum cleaner_obj43.jpg,2109,3070,2251,3245,4000,2252,
vaccum cleaner.jpg,vaccum cleaner_obj44.jpg,540,2831,890,2967,4000,2252,
vaccum cleaner.jpg,vaccum cleaner_obj45.jpg,1527,2203,1718,2426,4000,2252,
vaccum cleaner.jpg,vaccum cleaner_obj46.jpg,2079,2663,2251,3111,4000,2252,
vaccum cleaner.jpg,vaccum cleaner_obj47.jpg,1410,0,2248,463,4000,2252,
vaccum cleaner.jpg,vaccum cleaner_obj48.jpg,453,1945,648,3050,4000,2252,
vaccum cleaner.jpg,vaccum cleaner_obj49.jpg,1350,0,1407,131,4000,2252,
vaccum cleaner.jpg,vaccum cleaner_obj50.jpg,703,2612,777,2833,4000,2252,
vaccum cleaner.jpg,vaccum cleaner_obj51.jpg,1068,1667,1173,1796,4000,2252,
vaccum cleaner.jpg,vaccum cleaner_obj52.jpg,1160,2717,1352,2983,4000,2252,
vaccum cleaner.jpg,vaccum cleaner_obj53.jpg,656,1654,1069,2031,4000,2252,
vaccum cleaner.jpg,vaccum cleaner_obj54.jpg,281,3484,476,3594,4000,2252,
vaccum cleaner.jpg,vaccum cleaner_obj55.jpg,627,1999,1003,2667,4000,2252,
vaccum cleaner.jpg,vaccum cleaner_obj56.jpg,1700,131,1866,554,4000,2252,
vaccum cleaner.jpg,vaccum cleaner_obj57.jpg,931,2985,1025,3183,4000,2252,
vaccum cleaner.jpg,vaccum cleaner_obj58.jpg,1135,3429,1205,3493,4000,2252,
vaccum cleaner.jpg,vaccum cleaner_obj59.jpg,539,2283,683,2832,4000,2252,
vaccum cleaner.jpg,vaccum cleaner_obj60.jpg,1674,0,1866,554,4000,2252,
vaccum cleaner.jpg,vaccum cleaner_obj61.jpg,1553,1810,1653,2030,4000,2252,
vaccum cleaner.jpg,vaccum cleaner_obj62.jpg,704,2598,978,2956,4000,2252,
vaccum cleaner.jpg,vaccum cleaner_obj63.jpg,1001,2400,1256,2881,4000,2252,
vaccum cleaner.jpg,vaccum cleaner_obj64.jpg,1312,1312,1867,1777,4000,2252,
vaccum cleaner.jpg,vaccum cleaner_obj65.jpg,1209,2464,1309,2666,4000,2252,
vaccum cleaner.jpg,vaccum cleaner_obj66.jpg,1480,1511,2013,1833,4000,2252,
vaccum cleaner.jpg,vaccum cleaner_obj67.jpg,267,3783,494,3884,4000,2252,
vaccum cleaner.jpg,vaccum cleaner_obj68.jpg,1348,1823,1564,2083,4000,2252,
vaccum cleaner.jpg,vaccum cleaner_obj69.jpg,944,2261,1037,2506,4000,2252,
vaccum cleaner.jpg,vaccum cleaner_obj70.jpg,1273,2661,1368,2727,4000,2252,
vaccum cleaner.jpg,vaccum cleaner_obj71.jpg,637,2029,715,2263,4000,2252,
vaccum cleaner.jpg,vaccum cleaner_obj72.jpg,1279,0,1406,1657,4000,2252,
vaccum cleaner.jpg,vaccum cleaner_obj73.jpg,1254,3370,1328,3444,4000,2252,
vaccum cleaner.jpg,vaccum cleaner_obj74.jpg,1002,2183,1286,2879,4000,2252,
vaccum cleaner.jpg,vaccum cleaner_obj75.jpg,633,2390,684,2536,4000,2252,
vaccum cleaner.jpg,vaccum cleaner_obj76.jpg,1691,2427,1752,2625,4000,2252,
vaccum cleaner.jpg,vaccum cleaner_obj77.jpg,625,2031,785,2631,4000,2252,
vaccum cleaner.jpg,vaccum cleaner_obj78.jpg,1310,1065,1554,1629,4000,2252,
vaccum cleaner.jpg,vaccum cleaner_obj79.jpg,1239,2036,1345,2430,4000,2252,
vaccum cleaner.jpg,vaccum cleaner_obj80.jpg,1531,1817,1883,2424,4000,2252,
vaccum cleaner.jpg,vaccum cleaner_obj81.jpg,1232,3365,1331,3453,4000,2252,
vaccum cleaner.jpg,vaccum cleaner_obj82.jpg,1050,1898,1121,1965,4000,2252,
vaccum cleaner.jpg,vaccum cleaner_obj83.jpg,1197,1818,1363,2096,4000,2252,
vaccum cleaner.jpg,vaccum cleaner_obj84.jpg,730,2933,900,3062,4000,2252,
vaccum cleaner.jpg,vaccum cleaner_obj85.jpg,1367,1053,1568,1330,4000,2252,
vaccum cleaner.jpg,vaccum cleaner_obj86.jpg,1310,1299,1554,1629,4000,2252,
vaccum cleaner.jpg,vaccum cleaner_obj87.jpg,1118,2182,1285,2407,4000,2252,
dryer + washer.jpg,dryer + washer_obj1.jpg,624,2256,1704,3734,4000,2252,
dryer + washer.jpg,dryer + washer_obj2.jpg,441,392,1759,2485,4000,2252,
dryer + washer.jpg,dryer + washer_obj3.jpg,779,843,1736,2226,4000,2252,
dryer + washer.jpg,dryer + washer_obj4.jpg,427,392,1760,3724,4000,2252,
dryer + washer.jpg,dryer + washer_obj5.jpg,1072,2700,1573,3239,4000,2252,
dryer + washer.jpg,dryer + washer_obj6.jpg,950,2591,1676,3393,4000,2252,
dryer + washer.jpg,dryer + washer_obj7.jpg,920,3622,1374,3999,4000,2252,
dryer + washer.jpg,dryer + washer_obj8.jpg,963,1062,1603,1851,4000,2252,
dryer + washer.jpg,dryer + washer_obj9.jpg,0,2347,774,3999,4000,2252,
dryer + washer.jpg,dryer + washer_obj10.jpg,2152,3489,2251,3999,4000,2252,
dryer + washer.jpg,dryer + washer_obj11.jpg,1515,636,1743,853,4000,2252,
dryer + washer.jpg,dryer + washer_obj12.jpg,1080,0,1288,497,4000,2252,
dryer + washer.jpg,dryer + washer_obj13.jpg,2127,2548,2251,2847,4000,2252,
dryer + washer.jpg,dryer + washer_obj14.jpg,1893,0,2251,3713,4000,2252,
dryer + washer.jpg,dryer + washer_obj15.jpg,1390,3332,1931,3940,4000,2252,
dryer + washer.jpg,dryer + washer_obj16.jpg,1208,3442,1640,3999,4000,2252,
dryer + washer.jpg,dryer + washer_obj17.jpg,2059,1060,2251,2734,4000,2252,
dryer + washer.jpg,dryer + washer_obj18.jpg,0,2347,227,2735,4000,2252,
dryer + washer.jpg,dryer + washer_obj19.jpg,0,0,1138,1407,4000,2252,
dryer + washer.jpg,dryer + washer_obj20.jpg,1211,3298,2157,3999,4000,2252,
dryer + washer.jpg,dryer + washer_obj21.jpg,1188,3137,1521,3395,4000,2252,
dryer + washer.jpg,dryer + washer_obj22.jpg,191,2503,598,2914,4000,2252,
dryer + washer.jpg,dryer + washer_obj23.jpg,1505,2307,1689,2487,4000,2252,
dryer + washer.jpg,dryer + washer_obj24.jpg,0,2441,121,3220,4000,2252,
dryer + washer.jpg,dryer + washer_obj25.jpg,0,1404,476,1463,4000,2252,
dryer + washer.jpg,dryer + washer_obj26.jpg,0,0,2008,1409,4000,2252,
dryer + washer.jpg,dryer + washer_obj27.jpg,0,2685,123,3219,4000,2252,
dryer + washer.jpg,dryer + washer_obj28.jpg,1194,0,2248,3791,4000,2252,
dryer + washer.jpg,dryer + washer_obj29.jpg,160,2700,370,3060,4000,2252,
dryer + washer.jpg,dryer + washer_obj30.jpg,772,3738,971,3999,4000,2252,
dryer + washer.jpg,dryer + washer_obj31.jpg,1526,765,1741,853,4000,2252,
dryer + washer.jpg,dryer + washer_obj32.jpg,0,2347,371,3059,4000,2252,
dryer + washer.jpg,dryer + washer_obj33.jpg,380,2533,2245,3999,4000,2252,
dryer + washer.jpg,dryer + washer_obj34.jpg,1765,1084,2028,1282,4000,2252,
dryer + washer.jpg,dryer + washer_obj35.jpg,6,0,1143,2120,4000,2252,
dryer + washer.jpg,dryer + washer_obj36.jpg,626,847,1703,3736,4000,2252,
dryer + washer.jpg,dryer + washer_obj37.jpg,59,3386,430,3932,4000,2252,
dryer + washer.jpg,dryer + washer_obj38.jpg,870,2597,1141,2726,4000,2252,
dryer + washer.jpg,dryer + washer_obj39.jpg,1641,679,1679,735,4000,2252,
dryer + washer.jpg,dryer + washer_obj40.jpg,1703,2314,1912,2495,4000,2252,
dryer + washer.jpg,dryer + washer_obj41.jpg,602,2192,758,2487,4000,2252,
dryer + washer.jpg,dryer + washer_obj42.jpg,1260,564,1378,715,4000,2252,
dryer + washer.jpg,dryer + washer_obj43.jpg,1835,2649,2251,2946,4000,2252,
dryer + washer.jpg,dryer + washer_obj44.jpg,400,1398,509,2883,4000,2252,
dryer + washer.jpg,dryer + washer_obj45.jpg,1511,2392,1685,2488,4000,2252,
dryer + washer.jpg,dryer + washer_obj46.jpg,779,3294,2244,3999,4000,2252,
dryer + washer.jpg,dryer + washer_obj47.jpg,635,439,682,488,4000,2252,
dryer + washer.jpg,dryer + washer_obj48.jpg,567,396,1083,811,4000,2252,
dryer + washer.jpg,dryer + washer_obj49.jpg,59,3524,313,3932,4000,2252,
dryer + washer.jpg,dryer + washer_obj50.jpg,1231,562,1380,751,4000,2252,
dryer + washer.jpg,dryer + washer_obj51.jpg,880,0,1146,93,4000,2252,
dryer + washer.jpg,dryer + washer_obj52.jpg,1127,534,1444,751,4000,2252,
dryer + washer.jpg,dryer + washer_obj53.jpg,0,1415,549,1920,4000,2252,
dryer + washer.jpg,dryer + washer_obj54.jpg,0,1836,36,1979,4000,2252,
dryer + washer.jpg,dryer + washer_obj55.jpg,501,663,529,803,4000,2252,
dryer + washer.jpg,dryer + washer_obj56.jpg,1414,748,1458,811,4000,2252,
dryer + washer.jpg,dryer + washer_obj57.jpg,0,0,1603,2510,4000,2252,
dryer + washer.jpg,dryer + washer_obj58.jpg,1195,0,2202,1138,4000,2252,
dryer + washer.jpg,dryer + washer_obj59.jpg,1196,0,2196,1709,4000,2252,
dryer + washer.jpg,dryer + washer_obj60.jpg,1195,0,2238,2373,4000,2252,
dryer + washer.jpg,dryer + washer_obj61.jpg,0,1784,64,1894,4000,2252,
dryer + washer.jpg,dryer + washer_obj62.jpg,107,2710,262,3120,4000,2252,
dryer + washer.jpg,dryer + washer_obj63.jpg,1222,2566,1261,2615,4000,2252,
dryer + washer.jpg,dryer + washer_obj64.jpg,783,2434,1176,2795,4000,2252,
dryer + washer.jpg,dryer + washer_obj65.jpg,854,2547,923,2584,4000,2252,
dryer + washer.jpg,dryer + washer_obj66.jpg,2163,2612,2251,2714,4000,2252,
window ac.jpg,window ac_obj1.jpg,1260,842,2298,1457,2252,4000,
window ac.jpg,window ac_obj2.jpg,1140,357,2618,1530,2252,4000,
window ac.jpg,window ac_obj3.jpg,1181,349,2561,479,2252,4000,
window ac.jpg,window ac_obj4.jpg,809,0,2831,318,2252,4000,
window ac.jpg,window ac_obj5.jpg,2349,858,2579,1402,2252,4000,
window ac.jpg,window ac_obj6.jpg,2847,1562,3266,1812,2252,4000,
window ac.jpg,window ac_obj7.jpg,249,1657,3908,2224,2252,4000,
window ac.jpg,window ac_obj8.jpg,0,1836,691,2251,2252,4000,
window ac.jpg,window ac_obj9.jpg,1135,352,2886,1976,2252,4000,
window ac.jpg,window ac_obj10.jpg,1136,50,2622,2192,2252,4000,
window ac.jpg,window ac_obj11.jpg,483,1835,691,2251,2252,4000,
window ac.jpg,window ac_obj12.jpg,707,1073,3999,2251,2252,4000,
window ac.jpg,window ac_obj13.jpg,692,446,1185,1440,2252,4000,
window ac.jpg,window ac_obj14.jpg,0,2115,487,2251,2252,4000,
window ac.jpg,window ac_obj15.jpg,3196,0,3999,1861,2252,4000,
window ac.jpg,window ac_obj16.jpg,0,1872,491,2248,2252,4000,
window ac.jpg,window ac_obj17.jpg,0,1344,115,1876,2252,4000,
window ac.jpg,window ac_obj18.jpg,2567,472,2939,1428,2252,4000,
window ac.jpg,window ac_obj19.jpg,0,2062,481,2165,2252,4000,
window ac.jpg,window ac_obj20.jpg,675,356,2926,1533,2252,4000,
window ac.jpg,window ac_obj21.jpg,0,0,403,1884,2252,4000,
window ac.jpg,window ac_obj22.jpg,1261,552,2300,1458,2252,4000,
window ac.jpg,window ac_obj23.jpg,2072,0,2325,59,2252,4000,
window ac.jpg,window ac_obj24.jpg,0,1872,486,2113,2252,4000,
window ac.jpg,window ac_obj25.jpg,622,0,3002,429,2252,4000,
window ac.jpg,window ac_obj26.jpg,1587,0,1698,299,2252,4000,
window ac.jpg,window ac_obj27.jpg,512,0,663,410,2252,4000,
window ac.jpg,window ac_obj28.jpg,1203,541,2563,773,2252,4000,
window ac.jpg,window ac_obj29.jpg,1945,1518,2442,2251,2252,4000,
window ac.jpg,window ac_obj30.jpg,2421,933,2536,1051,2252,4000,
window ac.jpg,window ac_obj31.jpg,632,889,704,1055,2252,4000,
window ac.jpg,window ac_obj32.jpg,669,1201,740,1373,2252,4000,
window ac.jpg,window ac_obj33.jpg,2945,0,3703,1634,2252,4000,
window ac.jpg,window ac_obj34.jpg,2949,0,3458,1715,2252,4000,
window ac.jpg,window ac_obj35.jpg,0,0,683,1883,2252,4000,
window ac.jpg,window ac_obj36.jpg,2933,902,2992,1050,2252,4000,
window ac.jpg,window ac_obj37.jpg,2749,0,2834,314,2252,4000,
window ac.jpg,window ac_obj38.jpg,2900,1194,2958,1350,2252,4000,
window ac.jpg,window ac_obj39.jpg,796,0,874,282,2252,4000,
window ac.jpg,window ac_obj40.jpg,2877,1677,3227,1813,2252,4000,
window ac.jpg,window ac_obj41.jpg,2908,1051,2976,1194,2252,4000,
window ac.jpg,window ac_obj42.jpg,2377,0,2470,59,2252,4000,
window ac.jpg,window ac_obj43.jpg,2182,719,2279,742,2252,4000,
window ac.jpg,window ac_obj44.jpg,723,1468,1197,1542,2252,4000,
window ac.jpg,window ac_obj45.jpg,632,889,740,1373,2252,4000,
window ac.jpg,window ac_obj46.jpg,1490,713,1592,740,2252,4000,
window ac.jpg,window ac_obj47.jpg,1827,787,1951,828,2252,4000,
window ac.jpg,window ac_obj48.jpg,2431,1155,2500,1204,2252,4000,
window ac.jpg,window ac_obj49.jpg,2426,1262,2493,1309,2252,4000,
window ac.jpg,window ac_obj50.jpg,2357,554,2562,770,2252,4000,
monitor.jpg,monitor_obj1.jpg,0,6,3999,2124,2252,4000,
monitor.jpg,monitor_obj2.jpg,904,907,3565,2226,2252,4000,
monitor.jpg,monitor_obj3.jpg,0,449,162,1802,2252,4000,
monitor.jpg,monitor_obj4.jpg,0,2066,378,2251,2252,4000,
monitor.jpg,monitor_obj5.jpg,0,446,234,1804,2252,4000,
monitor.jpg,monitor_obj6.jpg,96,1534,755,1960,2252,4000,
monitor.jpg,monitor_obj7.jpg,3778,1671,3999,2093,2252,4000,
monitor.jpg,monitor_obj8.jpg,3420,2084,3999,2251,2252,4000,
monitor.jpg,monitor_obj9.jpg,3427,1673,3999,2249,2252,4000,
monitor.jpg,monitor_obj10.jpg,0,2065,142,2230,2252,4000,
monitor.jpg,monitor_obj11.jpg,251,1884,447,1971,2252,4000,
monitor.jpg,monitor_obj12.jpg,1340,2086,1781,2251,2252,4000,
monitor.jpg,monitor_obj13.jpg,0,1552,298,1875,2252,4000,
monitor.jpg,monitor_obj14.jpg,3876,1875,3999,2089,2252,4000,
monitor.jpg,monitor_obj15.jpg,603,1939,997,2054,2252,4000,
monitor.jpg,monitor_obj16.jpg,1768,2128,2512,2251,2252,4000,
monitor.jpg,monitor_obj17.jpg,1331,1943,2921,2125,2252,4000,
monitor.jpg,monitor_obj18.jpg,634,1546,933,1952,2252,4000,
monitor.jpg,monitor_obj19.jpg,101,1861,532,2016,2252,4000,
monitor.jpg,monitor_obj20.jpg,1373,2097,1703,2213,2252,4000,
monitor.jpg,monitor_obj21.jpg,644,1657,934,1953,2252,4000,
monitor.jpg,monitor_obj22.jpg,3367,1944,3527,2175,2252,4000,
monitor.jpg,monitor_obj23.jpg,0,2033,1235,2251,2252,4000,
monitor.jpg,monitor_obj24.jpg,1332,1943,2388,2126,2252,4000,
monitor.jpg,monitor_obj25.jpg,0,1845,1313,2251,2252,4000,
monitor.jpg,monitor_obj26.jpg,2090,1940,2195,2251,2252,4000,
monitor.jpg,monitor_obj27.jpg,2483,2132,3410,2251,2252,4000,
monitor.jpg,monitor_obj28.jpg,2484,2131,3125,2251,2252,4000,
monitor.jpg,monitor_obj29.jpg,3153,2057,3231,2131,2252,4000,
monitor.jpg,monitor_obj30.jpg,2071,2133,3120,2251,2252,4000,
monitor.jpg,monitor_obj31.jpg,1268,2085,1387,2251,2252,4000,
monitor.jpg,monitor_obj32.jpg,724,1552,925,1795,2252,4000,
monitor.jpg,monitor_obj33.jpg,3154,2058,3440,2192,2252,4000,
monitor.jpg,monitor_obj34.jpg,1767,2126,2114,2251,2252,4000,
monitor.jpg,monitor_obj35.jpg,1077,2007,1262,2121,2252,4000,
monitor.jpg,monitor_obj36.jpg,1346,2191,1684,2251,2252,4000,
monitor.jpg,monitor_obj37.jpg,2102,1931,2233,1955,2252,4000,
monitor.jpg,monitor_obj38.jpg,2627,2103,3089,2251,2252,4000,
fridge.jpg,fridge_obj1.jpg,1034,1066,1277,1132,4000,2252,
fridge.jpg,fridge_obj2.jpg,573,1860,1671,3375,4000,2252,
fridge.jpg,fridge_obj3.jpg,450,3687,1015,3999,4000,2252,
fridge.jpg,fridge_obj4.jpg,0,3815,467,3999,4000,2252,
fridge.jpg,fridge_obj5.jpg,1083,1295,1270,1417,4000,2252,
fridge.jpg,fridge_obj6.jpg,351,0,1503,1136,4000,2252,
fridge.jpg,fridge_obj7.jpg,538,1068,1716,3379,4000,2252,
fridge.jpg,fridge_obj8.jpg,1344,3471,1962,3940,4000,2252,
fridge.jpg,fridge_obj9.jpg,1553,3815,2110,3999,4000,2252,
fridge.jpg,fridge_obj10.jpg,816,3300,1322,3673,4000,2252,
fridge.jpg,fridge_obj11.jpg,538,1109,1718,1901,4000,2252,
fridge.jpg,fridge_obj12.jpg,1983,3739,2251,3999,4000,2252,
fridge.jpg,fridge_obj13.jpg,1192,3232,1700,3560,4000,2252,
fridge.jpg,fridge_obj14.jpg,953,1018,1349,1132,4000,2252,
fridge.jpg,fridge_obj15.jpg,0,3081,2244,3999,4000,2252,
fridge.jpg,fridge_obj16.jpg,1720,3413,2191,3806,4000,2252,
fridge.jpg,fridge_obj17.jpg,1550,3166,1905,3459,4000,2252,
fridge.jpg,fridge_obj18.jpg,0,788,254,939,4000,2252,
fridge.jpg,fridge_obj19.jpg,921,3237,1533,3999,4000,2252,
fridge.jpg,fridge_obj20.jpg,0,1343,301,1575,4000,2252,
fridge.jpg,fridge_obj21.jpg,923,3573,1534,3999,4000,2252,
fridge.jpg,fridge_obj22.jpg,540,1111,1717,2494,4000,2252,
fridge.jpg,fridge_obj23.jpg,1948,3370,2251,3765,4000,2252,
fridge.jpg,fridge_obj24.jpg,435,2724,551,2938,4000,2252,
fridge.jpg,fridge_obj25.jpg,0,3614,440,3920,4000,2252,
fridge.jpg,fridge_obj26.jpg,1316,1451,1514,1617,4000,2252,
fridge.jpg,fridge_obj27.jpg,404,3154,663,3455,4000,2252,
fridge.jpg,fridge_obj28.jpg,413,3214,1180,3803,4000,2252,
fridge.jpg,fridge_obj29.jpg,413,3214,909,3803,4000,2252,
fridge.jpg,fridge_obj30.jpg,1614,2934,1858,3305,4000,2252,
fridge.jpg,fridge_obj31.jpg,20,968,180,1150,4000,2252,
fridge.jpg,fridge_obj32.jpg,16,3200,909,3803,4000,2252,
fridge.jpg,fridge_obj33.jpg,0,2957,283,3224,4000,2252,
fridge.jpg,fridge_obj34.jpg,2202,226,2251,449,4000,2252,
fridge.jpg,fridge_obj35.jpg,1555,1260,1658,1316,4000,2252,
fridge.jpg,fridge_obj36.jpg,1419,0,2249,3411,4000,2252,
fridge.jpg,fridge_obj37.jpg,699,1209,771,1913,4000,2252,
fridge.jpg,fridge_obj38.jpg,700,1210,778,2515,4000,2252,
fridge.jpg,fridge_obj39.jpg,418,2870,571,3146,4000,2252,
fridge.jpg,fridge_obj40.jpg,0,3129,47,3232,4000,2252,
fridge.jpg,fridge_obj41.jpg,719,1912,779,2515,4000,2252,
fridge.jpg,fridge_obj42.jpg,613,0,2251,3411,4000,2252,
fridge.jpg,fridge_obj43.jpg,952,1018,1349,1091,4000,2252,
fridge.jpg,fridge_obj44.jpg,0,266,438,785,4000,2252,
fridge.jpg,fridge_obj45.jpg,0,3535,389,3712,4000,2252,
fridge.jpg,fridge_obj46.jpg,733,1050,908,1121,4000,2252,
fridge.jpg,fridge_obj47.jpg,231,326,436,709,4000,2252,
fridge.jpg,fridge_obj48.jpg,37,1240,198,1326,4000,2252,
fridge.jpg,fridge_obj49.jpg,65,1670,228,1962,4000,2252,
fridge.jpg,fridge_obj50.jpg,0,2719,300,2916,4000,2252,
fridge.jpg,fridge_obj51.jpg,0,3463,384,3611,4000,2252,
fridge.jpg,fridge_obj52.jpg,440,2489,528,2605,4000,2252,
fridge.jpg,fridge_obj53.jpg,0,1623,45,1972,4000,2252,
fridge.jpg,fridge_obj54.jpg,48,2143,235,2247,4000,2252,
fridge.jpg,fridge_obj55.jpg,0,2993,631,3546,4000,2252,
fridge.jpg,fridge_obj56.jpg,0,0,525,2151,4000,2252,
fridge.jpg,fridge_obj57.jpg,417,2723,570,3147,4000,2252,
fridge.jpg,fridge_obj58.jpg,0,3218,374,3545,4000,2252,
fridge.jpg,fridge_obj59.jpg,1942,228,2251,3416,4000,2252,
fridge.jpg,fridge_obj60.jpg,0,3217,631,3545,4000,2252,
fridge.jpg,fridge_obj61.jpg,199,2005,299,2180,4000,2252,
fridge.jpg,fridge_obj62.jpg,2134,3369,2251,3540,4000,2252,
fridge.jpg,fridge_obj63.jpg,10,490,110,575,4000,2252,
fridge.jpg,fridge_obj64.jpg,435,2726,500,2936,4000,2252,
fridge.jpg,fridge_obj65.jpg,0,92,326,293,4000,2252,
fridge.jpg,fridge_obj66.jpg,0,2993,375,3546,4000,2252,
fridge.jpg,fridge_obj67.jpg,2083,237,2223,505,4000,2252,
fridge.jpg,fridge_obj68.jpg,0,2201,589,2409,4000,2252,
fridge.jpg,fridge_obj69.jpg,154,2963,234,3092,4000,2252,
fridge.jpg,fridge_obj70.jpg,2026,253,2211,1146,4000,2252,
fridge.jpg,fridge_obj71.jpg,0,2995,62,3128,4000,2252,
fridge.jpg,fridge_obj72.jpg,0,0,457,113,4000,2252,
fridge.jpg,fridge_obj73.jpg,282,1664,319,1936,4000,2252,
fridge.jpg,fridge_obj74.jpg,0,262,427,351,4000,2252,
fridge.jpg,fridge_obj75.jpg,389,297,428,352,4000,2252,
fridge.jpg,fridge_obj76.jpg,275,2946,354,3171,4000,2252,
fridge.jpg,fridge_obj77.jpg,66,2979,150,3109,4000,2252,
fridge.jpg,fridge_obj78.jpg,0,2202,587,2512,4000,2252,
fridge.jpg,fridge_obj79.jpg,249,788,350,1166,4000,2252,
fridge.jpg,fridge_obj80.jpg,0,972,365,2065,4000,2252,
fridge.jpg,fridge_obj81.jpg,0,790,263,1162,4000,2252,
fridge.jpg,fridge_obj82.jpg,0,2173,287,2286,4000,2252,
fridge.jpg,fridge_obj83.jpg,0,2387,256,2514,4000,2252,
fridge.jpg,fridge_obj84.jpg,418,2977,480,3146,4000,2252,
fridge.jpg,fridge_obj85.jpg,282,2366,559,2514,4000,2252,
fridge.jpg,fridge_obj86.jpg,0,2302,303,2514,4000,2252,
fridge.jpg,fridge_obj87.jpg,278,2118,455,2205,4000,2252,
fridge.jpg,fridge_obj88.jpg,440,2497,577,2722,4000,2252,
laptop.jpg,laptop_obj1.jpg,304,2026,1908,2542,4000,2252,
laptop.jpg,laptop_obj2.jpg,2017,447,2251,872,4000,2252,
laptop.jpg,laptop_obj3.jpg,0,0,2248,901,4000,2252,
laptop.jpg,laptop_obj4.jpg,795,2530,1630,2994,4000,2252,
laptop.jpg,laptop_obj5.jpg,0,3690,2251,3999,4000,2252,
laptop.jpg,laptop_obj6.jpg,200,735,2146,3474,4000,2252,
laptop.jpg,laptop_obj7.jpg,0,0,2248,2225,4000,2252,
laptop.jpg,laptop_obj8.jpg,0,3049,2251,3999,4000,2252,
laptop.jpg,laptop_obj9.jpg,0,895,2247,3968,4000,2252,
laptop.jpg,laptop_obj10.jpg,0,2524,2251,3999,4000,2252,
laptop.jpg,laptop_obj11.jpg,2089,861,2251,1322,4000,2252,
laptop.jpg,laptop_obj12.jpg,221,759,1913,1904,4000,2252,
laptop.jpg,laptop_obj13.jpg,676,1282,1472,1367,4000,2252,
laptop.jpg,laptop_obj14.jpg,2100,3358,2251,3558,4000,2252,
laptop.jpg,laptop_obj15.jpg,1874,1347,2251,1681,4000,2252,
laptop.jpg,laptop_obj16.jpg,2039,1846,2251,2161,4000,2252,
laptop.jpg,laptop_obj17.jpg,0,2513,233,3049,4000,2252,
laptop.jpg,laptop_obj18.jpg,1951,2134,2133,2256,4000,2252,
laptop.jpg,laptop_obj19.jpg,1829,3239,1941,3409,4000,2252,
laptop.jpg,laptop_obj20.jpg,2045,272,2251,563,4000,2252,
laptop.jpg,laptop_obj21.jpg,1115,3004,1683,3775,4000,2252,
laptop.jpg,laptop_obj22.jpg,0,2636,388,3478,4000,2252,
laptop.jpg,laptop_obj23.jpg,204,1958,2148,3037,4000,2252,
laptop.jpg,laptop_obj24.jpg,186,3031,1233,3630,4000,2252,
laptop.jpg,laptop_obj25.jpg,0,2934,386,3479,4000,2252,
laptop.jpg,laptop_obj26.jpg,1856,3437,1974,3608,4000,2252,
laptop.jpg,laptop_obj27.jpg,1730,2975,2026,3795,4000,2252,
laptop.jpg,laptop_obj28.jpg,1171,2976,2024,3794,4000,2252,
laptop.jpg,laptop_obj29.jpg,2018,449,2251,1320,4000,2252,
laptop.jpg,laptop_obj30.jpg,1410,3284,1534,3445,4000,2252,
laptop.jpg,laptop_obj31.jpg,2010,2333,2251,2548,4000,2252,
laptop.jpg,laptop_obj32.jpg,1491,3468,1606,3605,4000,2252,
laptop.jpg,laptop_obj33.jpg,1859,1479,2251,1826,4000,2252,
laptop.jpg,laptop_obj34.jpg,2071,2881,2251,3133,4000,2252,
laptop.jpg,laptop_obj35.jpg,1804,3057,1908,3211,4000,2252,
laptop.jpg,laptop_obj36.jpg,0,997,210,1198,4000,2252,
laptop.jpg,laptop_obj37.jpg,1560,2990,1659,3121,4000,2252,
laptop.jpg,laptop_obj38.jpg,0,1681,68,1774,4000,2252,
laptop.jpg,laptop_obj39.jpg,1199,3005,1338,3114,4000,2252,
laptop.jpg,laptop_obj40.jpg,0,894,209,965,4000,2252,
laptop.jpg,laptop_obj41.jpg,1891,1202,2251,1536,4000,2252,
laptop.jpg,laptop_obj42.jpg,1679,2260,1850,2333,4000,2252,
laptop.jpg,laptop_obj43.jpg,1021,3323,1234,3543,4000,2252,
laptop.jpg,laptop_obj44.jpg,0,2250,214,2444,4000,2252,
laptop.jpg,laptop_obj45.jpg,118,1812,197,1917,4000,2252,
laptop.jpg,laptop_obj46.jpg,1352,1407,1385,1442,4000,2252,
laptop.jpg,laptop_obj47.jpg,78,1252,156,1337,4000,2252,
laptop.jpg,laptop_obj48.jpg,1533,2188,1628,2254,4000,2252,
laptop.jpg,laptop_obj49.jpg,1369,2430,1493,2507,4000,2252,
laptop.jpg,laptop_obj50.jpg,0,998,210,1128,4000,2252,
laptop.jpg,laptop_obj51.jpg,1313,3126,1440,3262,4000,2252,
laptop.jpg,laptop_obj52.jpg,1904,1050,2251,1420,4000,2252,
laptop.jpg,laptop_obj53.jpg,1176,2267,1269,2337,4000,2252,
laptop.jpg,laptop_obj54.jpg,1292,2043,1387,2103,4000,2252,
laptop.jpg,laptop_obj55.jpg,1772,909,1898,956,4000,2252,
laptop.jpg,laptop_obj56.jpg,1818,3619,1937,3721,4000,2252,
laptop.jpg,laptop_obj57.jpg,1198,2043,1289,2102,4000,2252,
laptop.jpg,laptop_obj58.jpg,16,2566,1235,3632,4000,2252,
laptop.jpg,laptop_obj59.jpg,1633,2189,1728,2254,4000,2252,
laptop.jpg,laptop_obj60.jpg,2063,2553,2251,3134,4000,2252,
laptop.jpg,laptop_obj61.jpg,418,3094,480,3350,4000,2252,
laptop.jpg,laptop_obj62.jpg,1481,2264,1577,2334,4000,2252,
laptop.jpg,laptop_obj63.jpg,1381,2265,1477,2335,4000,2252,
laptop.jpg,laptop_obj64.jpg,1334,2189,1432,2257,4000,2252,
laptop.jpg,laptop_obj65.jpg,1579,2261,1677,2333,4000,2252,
laptop.jpg,laptop_obj66.jpg,1280,2268,1374,2337,4000,2252,
laptop.jpg,laptop_obj67.jpg,2044,270,2223,380,4000,2252,
laptop.jpg,laptop_obj68.jpg,1236,2189,1330,2257,4000,2252,
laptop.jpg,laptop_obj69.jpg,1920,3792,2251,3999,4000,2252,
laptop.jpg,laptop_obj70.jpg,998,2044,1088,2103,4000,2252,
laptop.jpg,laptop_obj71.jpg,966,2272,1063,2341,4000,2252,
laptop.jpg,laptop_obj72.jpg,0,2628,89,3050,4000,2252,
laptop.jpg,laptop_obj73.jpg,1100,2041,1190,2103,4000,2252,
laptop.jpg,laptop_obj74.jpg,1862,1052,2251,1614,4000,2252,
laptop.jpg,laptop_obj75.jpg,1831,1059,1874,1103,4000,2252,
laptop.jpg,laptop_obj76.jpg,1395,2043,1483,2103,4000,2252,
laptop.jpg,laptop_obj77.jpg,532,2276,627,2347,4000,2252,
laptop.jpg,laptop_obj78.jpg,1135,2189,1230,2259,4000,2252,
laptop.jpg,laptop_obj79.jpg,69,2314,212,2399,4000,2252,
laptop.jpg,laptop_obj80.jpg,796,2038,884,2102,4000,2252,
laptop.jpg,laptop_obj81.jpg,935,3574,1319,3752,4000,2252,
laptop.jpg,laptop_obj82.jpg,488,1439,560,1457,4000,2252,
laptop.jpg,laptop_obj83.jpg,480,2038,572,2103,4000,2252,
laptop.jpg,laptop_obj84.jpg,1487,2043,1573,2102,4000,2252,
laptop.jpg,laptop_obj85.jpg,1626,1062,1664,1078,4000,2252,
laptop.jpg,laptop_obj86.jpg,472,436,558,463,4000,2252,
laptop.jpg,laptop_obj87.jpg,1675,2039,1774,2105,4000,2252,
laptop.jpg,laptop_obj88.jpg,900,2042,989,2103,4000,2252,
laptop.jpg,laptop_obj89.jpg,694,2041,785,2102,4000,2252,
laptop.jpg,laptop_obj90.jpg,1433,2187,1532,2256,4000,2252,
laptop.jpg,laptop_obj91.jpg,1231,1401,1274,1445,4000,2252,
laptop.jpg,laptop_obj92.jpg,0,2283,59,2363,4000,2252,
laptop.jpg,laptop_obj93.jpg,2168,3375,2251,3497,4000,2252,
laptop.jpg,laptop_obj94.jpg,1873,1814,2051,1933,4000,2252,
laptop.jpg,laptop_obj95.jpg,1729,2188,1820,2254,4000,2252,
laptop.jpg,laptop_obj96.jpg,587,2040,674,2104,4000,2252,
laptop.jpg,laptop_obj97.jpg,0,2512,215,2745,4000,2252,
laptop.jpg,laptop_obj98.jpg,487,2040,675,2104,4000,2252,
laptop.jpg,laptop_obj99.jpg,1074,1183,1120,1230,4000,2252,
laptop.jpg,laptop_obj100.jpg,1587,2045,1668,2102,4000,2252,
laptop.jpg,laptop_obj101.jpg,1499,2429,1604,2506,4000,2252,
blender motor + air fryer + microwave.jpg,blender motor + air fryer + microwave_obj1.jpg,3542,257,3999,1216,2252,4000,
blender motor + air fryer + microwave.jpg,blender motor + air fryer + microwave_obj2.jpg,0,79,3999,1210,2252,4000,
blender motor + air fryer + microwave.jpg,blender motor + air fryer + microwave_obj3.jpg,0,1182,3999,2246,2252,4000,
blender motor + air fryer + microwave.jpg,blender motor + air fryer + microwave_obj4.jpg,1825,825,3308,1765,2252,4000,
blender motor + air fryer + microwave.jpg,blender motor + air fryer + microwave_obj5.jpg,0,0,3999,263,2252,4000,
blender motor + air fryer + microwave.jpg,blender motor + air fryer + microwave_obj6.jpg,2148,785,2650,1063,2252,4000,
blender motor + air fryer + microwave.jpg,blender motor + air fryer + microwave_obj7.jpg,0,271,3999,2246,2252,4000,
blender motor + air fryer + microwave.jpg,blender motor + air fryer + microwave_obj8.jpg,2087,1221,2797,1557,2252,4000,
blender motor + air fryer + microwave.jpg,blender motor + air fryer + microwave_obj9.jpg,1307,1230,1446,1728,2252,4000,
blender motor + air fryer + microwave.jpg,blender motor + air fryer + microwave_obj10.jpg,897,825,1796,1161,2252,4000,
blender motor + air fryer + microwave.jpg,blender motor + air fryer + microwave_obj11.jpg,915,800,3930,1946,2252,4000,
blender motor + air fryer + microwave.jpg,blender motor + air fryer + microwave_obj12.jpg,280,1061,816,1652,2252,4000,
blender motor + air fryer + microwave.jpg,blender motor + air fryer + microwave_obj13.jpg,918,1182,1791,1725,2252,4000,
blender motor + air fryer + microwave.jpg,blender motor + air fryer + microwave_obj14.jpg,3683,1473,3999,1967,2252,4000,
blender motor + air fryer + microwave.jpg,blender motor + air fryer + microwave_obj15.jpg,3796,1657,3909,1760,2252,4000,
blender motor + air fryer + microwave.jpg,blender motor + air fryer + microwave_obj16.jpg,2807,0,3999,151,2252,4000,
blender motor + air fryer + microwave.jpg,blender motor + air fryer + microwave_obj17.jpg,3684,1165,3999,1969,2252,4000,
blender motor + air fryer + microwave.jpg,blender motor + air fryer + microwave_obj18.jpg,1459,0,2636,96,2252,4000,
blender motor + air fryer + microwave.jpg,blender motor + air fryer + microwave_obj19.jpg,2696,0,3999,270,2252,4000,
blender motor + air fryer + microwave.jpg,blender motor + air fryer + microwave_obj20.jpg,3216,791,3765,1496,2252,4000,
blender motor + air fryer + microwave.jpg,blender motor + air fryer + microwave_obj21.jpg,302,1129,1791,1726,2252,4000,
blender motor + air fryer + microwave.jpg,blender motor + air fryer + microwave_obj22.jpg,0,0,2917,195,2252,4000,
blender motor + air fryer + microwave.jpg,blender motor + air fryer + microwave_obj23.jpg,927,796,3311,1768,2252,4000,
blender motor + air fryer + microwave.jpg,blender motor + air fryer + microwave_obj24.jpg,1818,798,3928,1945,2252,4000,
blender motor + air fryer + microwave.jpg,blender motor + air fryer + microwave_obj25.jpg,508,648,1805,1724,2252,4000,
blender motor + air fryer + microwave.jpg,blender motor + air fryer + microwave_obj26.jpg,2676,438,2861,707,2252,4000,
blender motor + air fryer + microwave.jpg,blender motor + air fryer + microwave_obj27.jpg,2159,877,2630,1062,2252,4000,
blender motor + air fryer + microwave.jpg,blender motor + air fryer + microwave_obj28.jpg,0,1178,925,1468,2252,4000,
blender motor + air fryer + microwave.jpg,blender motor + air fryer + microwave_obj29.jpg,891,647,1801,1194,2252,4000,
blender motor + air fryer + microwave.jpg,blender motor + air fryer + microwave_obj30.jpg,2562,0,2720,194,2252,4000,
blender motor + air fryer + microwave.jpg,blender motor + air fryer + microwave_obj31.jpg,2150,784,2649,952,2252,4000,
blender motor + air fryer + microwave.jpg,blender motor + air fryer + microwave_obj32.jpg,1308,1019,1428,1129,2252,4000,
blender motor + air fryer + microwave.jpg,blender motor + air fryer + microwave_obj33.jpg,0,1195,342,1466,2252,4000,
blender motor + air fryer + microwave.jpg,blender motor + air fryer + microwave_obj34.jpg,317,1413,656,1524,2252,4000,
blender motor + air fryer + microwave.jpg,blender motor + air fryer + microwave_obj35.jpg,3429,1153,3811,1710,2252,4000,
blender motor + air fryer + microwave.jpg,blender motor + air fryer + microwave_obj36.jpg,3217,826,3685,1328,2252,4000,
blender motor + air fryer + microwave.jpg,blender motor + air fryer + microwave_obj37.jpg,2984,1007,3312,1687,2252,4000,
blender motor + air fryer + microwave.jpg,blender motor + air fryer + microwave_obj38.jpg,598,1060,725,1251,2252,4000,
blender motor + air fryer + microwave.jpg,blender motor + air fryer + microwave_obj39.jpg,2742,495,2817,567,2252,4000,
blender motor + air fryer + microwave.jpg,blender motor + air fryer + microwave_obj40.jpg,2607,437,2861,869,2252,4000,
blender motor + air fryer + microwave.jpg,blender motor + air fryer + microwave_obj41.jpg,354,1061,725,1276,2252,4000,
blender motor + air fryer + microwave.jpg,blender motor + air fryer + microwave_obj42.jpg,990,1216,1302,1386,2252,4000,
blender motor + air fryer + microwave.jpg,blender motor + air fryer + microwave_obj43.jpg,3800,1164,3870,1476,2252,4000,
blender motor + air fryer + microwave.jpg,blender motor + air fryer + microwave_obj44.jpg,1108,1216,1302,1386,2252,4000,
blender motor + air fryer + microwave.jpg,blender motor + air fryer + microwave_obj45.jpg,289,1194,806,1395,2252,4000,
blender motor + air fryer + microwave.jpg,blender motor + air fryer + microwave_obj46.jpg,971,1219,1151,1378,2252,4000,
blender motor + air fryer + microwave.jpg,blender motor + air fryer + microwave_obj47.jpg,3029,1574,3076,1602,2252,4000,
blender motor + air fryer + microwave.jpg,blender motor + air fryer + microwave_obj48.jpg,355,1126,629,1275,2252,4000,
blender motor + air fryer + microwave.jpg,blender motor + air fryer + microwave_obj49.jpg,3925,2121,3968,2151,2252,4000,
blender motor + air fryer + microwave.jpg,blender motor + air fryer + microwave_obj50.jpg,1832,826,2556,1084,2252,4000,
blender motor + air fryer + microwave.jpg,blender motor + air fryer + microwave_obj51.jpg,302,1499,818,1692,2252,4000,
blender motor + air fryer + microwave.jpg,blender motor + air fryer + microwave_obj52.jpg,1513,1981,1578,2042,2252,4000,
blender motor + air fryer + microwave.jpg,blender motor + air fryer + microwave_obj53.jpg,3891,1203,3958,1525,2252,4000,
blender motor + air fryer + microwave.jpg,blender motor + air fryer + microwave_obj54.jpg,3141,1300,3191,1337,2252,4000,
blender motor + air fryer + microwave.jpg,blender motor + air fryer + microwave_obj55.jpg,910,646,1793,904,2252,4000,
blender motor + air fryer + microwave.jpg,blender motor + air fryer + microwave_obj56.jpg,2303,1981,2354,2017,2252,4000,
blender motor + air fryer + microwave.jpg,blender motor + air fryer + microwave_obj57.jpg,3174,1438,3203,1465,2252,4000,
blender motor + air fryer + microwave.jpg,blender motor + air fryer + microwave_obj58.jpg,3174,1138,3234,1184,2252,4000,
blender motor + air fryer + microwave.jpg,blender motor + air fryer + microwave_obj59.jpg,3800,1166,3999,1557,2252,4000,
blender motor + air fryer + microwave.jpg,blender motor + air fryer + microwave_obj60.jpg,2619,872,2791,1019,2252,4000,
blender motor + air fryer + microwave.jpg,blender motor + air fryer + microwave_obj61.jpg,310,2102,381,2161,2252,4000,
blender motor + air fryer + microwave.jpg,blender motor + air fryer + microwave_obj62.jpg,3049,1481,3102,1513,2252,4000,
blender motor + air fryer + microwave.jpg,blender motor + air fryer + microwave_obj63.jpg,1291,1783,1315,1799,2252,4000,
blender motor + air fryer + microwave.jpg,blender motor + air fryer + microwave_obj64.jpg,202,1058,349,1189,2252,4000,
blender motor + air fryer + microwave.jpg,blender motor + air fryer + microwave_obj65.jpg,1923,1799,1955,1820,2252,4000,
blender motor + air fryer + microwave.jpg,blender motor + air fryer + microwave_obj66.jpg,742,1177,929,1461,2252,4000,
blender motor + air fryer + microwave.jpg,blender motor + air fryer + microwave_obj67.jpg,3053,1007,3309,1057,2252,4000,
blender motor + air fryer + microwave.jpg,blender motor + air fryer + microwave_obj68.jpg,3190,1356,3223,1383,2252,4000,
blender motor + air fryer + microwave.jpg,blender motor + air fryer + microwave_obj69.jpg,559,1436,624,1498,2252,4000,
blender motor + air fryer + microwave.jpg,blender motor + air fryer + microwave_obj70.jpg,404,1444,467,1502,2252,4000,
blender motor + air fryer + microwave.jpg,blender motor + air fryer + microwave_obj71.jpg,413,1066,932,1452,2252,4000,
blender motor + air fryer.jpg,blender motor + air fryer_obj1.jpg,0,208,2249,1827,4000,2252,
blender motor + air fryer.jpg,blender motor + air fryer_obj2.jpg,0,1832,2248,3999,4000,2252,
blender motor + air fryer.jpg,blender motor + air fryer_obj3.jpg,0,0,2251,223,4000,2252,
blender motor + air fryer.jpg,blender motor + air fryer_obj4.jpg,36,1653,698,2456,4000,2252,
blender motor + air fryer.jpg,blender motor + air fryer_obj5.jpg,26,103,2251,221,4000,2252,
blender motor + air fryer.jpg,blender motor + air fryer_obj6.jpg,874,1846,2186,2635,4000,2252,
blender motor + air fryer.jpg,blender motor + air fryer_obj7.jpg,0,71,2251,2469,4000,2252,
blender motor + air fryer.jpg,blender motor + air fryer_obj8.jpg,1476,1974,1698,2707,4000,2252,
blender motor + air fryer.jpg,blender motor + air fryer_obj9.jpg,0,0,2251,117,4000,2252,
blender motor + air fryer.jpg,blender motor + air fryer_obj10.jpg,1504,1563,1686,1740,4000,2252,
blender motor + air fryer.jpg,blender motor + air fryer_obj11.jpg,876,1230,2247,1786,4000,2252,
blender motor + air fryer.jpg,blender motor + air fryer_obj12.jpg,861,1072,2247,2627,4000,2252,
blender motor + air fryer.jpg,blender motor + air fryer_obj13.jpg,126,1653,592,1941,4000,2252,
blender motor + air fryer.jpg,blender motor + air fryer_obj14.jpg,0,214,2248,3999,4000,2252,
blender motor + air fryer.jpg,blender motor + air fryer_obj15.jpg,72,1070,2246,2626,4000,2252,
blender motor + air fryer.jpg,blender motor + air fryer_obj16.jpg,43,1842,661,2100,4000,2252,
blender motor + air fryer.jpg,blender motor + air fryer_obj17.jpg,912,1067,2147,1256,4000,2252,
blender motor + air fryer.jpg,blender motor + air fryer_obj18.jpg,73,2131,502,2282,4000,2252,
blender motor + air fryer.jpg,blender motor + air fryer_obj19.jpg,2140,1758,2251,2515,4000,2252,
blender motor + air fryer.jpg,blender motor + air fryer_obj20.jpg,877,1860,1484,2628,4000,2252,
blender motor + air fryer.jpg,blender motor + air fryer_obj21.jpg,1429,1883,1692,2084,4000,2252,
blender motor + air fryer.jpg,blender motor + air fryer_obj22.jpg,66,2224,696,2504,4000,2252,
blender motor + air fryer.jpg,blender motor + air fryer_obj23.jpg,1673,1870,2177,2626,4000,2252,
blender motor + air fryer.jpg,blender motor + air fryer_obj24.jpg,0,67,37,235,4000,2252,
blender motor + air fryer.jpg,blender motor + air fryer_obj25.jpg,0,0,2251,1147,4000,2252,
blender motor + air fryer.jpg,blender motor + air fryer_obj26.jpg,1403,2785,1441,2815,4000,2252,
blender motor + air fryer.jpg,blender motor + air fryer_obj27.jpg,184,2177,256,2249,4000,2252,
blender motor + air fryer.jpg,blender motor + air fryer_obj28.jpg,377,2174,457,2252,4000,2252,
blender motor + air fryer.jpg,blender motor + air fryer_obj29.jpg,198,1653,880,2204,4000,2252,
blender motor + air fryer.jpg,blender motor + air fryer_obj30.jpg,1799,3147,1932,3286,4000,2252,
blender motor + air fryer.jpg,blender motor + air fryer_obj31.jpg,2081,3242,2181,3364,4000,2252,
blender motor + air fryer.jpg,blender motor + air fryer_obj32.jpg,279,2179,348,2248,4000,2252,
blender motor + air fryer.jpg,blender motor + air fryer_obj33.jpg,81,3793,128,3828,4000,2252,
blender motor + air fryer.jpg,blender motor + air fryer_obj34.jpg,227,2551,272,2571,4000,2252,
blender motor + air fryer.jpg,blender motor + air fryer_obj35.jpg,1426,2088,1492,2376,4000,2252,
blender motor + air fryer.jpg,blender motor + air fryer_obj36.jpg,719,2918,779,2974,4000,2252,
blender motor + air fryer.jpg,blender motor + air fryer_obj37.jpg,1942,1639,2247,1763,4000,2252,
blender motor + air fryer.jpg,blender motor + air fryer_obj38.jpg,1265,3929,1340,3999,4000,2252,
blender motor + air fryer.jpg,blender motor + air fryer_obj39.jpg,0,3522,85,3714,4000,2252,
blender motor + air fryer.jpg,blender motor + air fryer_obj40.jpg,2116,3295,2182,3365,4000,2252,
blender motor + air fryer.jpg,blender motor + air fryer_obj41.jpg,2007,3028,2072,3064,4000,2252,
blender motor + air fryer.jpg,blender motor + air fryer_obj42.jpg,91,2168,165,2248,4000,2252,
blender motor + air fryer.jpg,blender motor + air fryer_obj43.jpg,2162,3150,2207,3187,4000,2252,
blender motor + air fryer.jpg,blender motor + air fryer_obj44.jpg,1974,3433,2007,3463,4000,2252,
blender motor + air fryer.jpg,blender motor + air fryer_obj45.jpg,60,2783,157,2827,4000,2252,
blender motor + air fryer.jpg,blender motor + air fryer_obj46.jpg,868,3047,924,3089,4000,2252,
blender motor + air fryer.jpg,blender motor + air fryer_obj47.jpg,993,1880,1479,2126,4000,2252,
blender motor + air fryer.jpg,blender motor + air fryer_obj48.jpg,1764,3667,1789,3699,4000,2252,
blender motor + air fryer.jpg,blender motor + air fryer_obj49.jpg,425,1655,591,1911,4000,2252,
blender motor + air fryer.jpg,blender motor + air fryer_obj50.jpg,320,2662,356,2716,4000,2252,
blender motor + air fryer.jpg,blender motor + air fryer_obj51.jpg,861,1070,2247,1876,4000,2252,
bag.jpg,bag_obj1.jpg,1261,0,3999,2245,2252,4000,
bag.jpg,bag_obj2.jpg,553,63,2995,2230,2252,4000,
bag.jpg,bag_obj3.jpg,0,0,3999,2245,2252,4000,
bag.jpg,bag_obj4.jpg,0,0,1260,2243,2252,4000,
bag.jpg,bag_obj5.jpg,1027,0,1277,303,2252,4000,
bag.jpg,bag_obj6.jpg,3619,1093,3999,2244,2252,4000,
bag.jpg,bag_obj7.jpg,2713,421,2962,1533,2252,4000,
bag.jpg,bag_obj8.jpg,3078,1279,3491,2244,2252,4000,
bag.jpg,bag_obj9.jpg,1192,417,2961,1667,2252,4000,
bag.jpg,bag_obj10.jpg,925,0,1271,349,2252,4000,
bag.jpg,bag_obj11.jpg,546,557,949,1560,2252,4000,
bag.jpg,bag_obj12.jpg,1251,0,1405,228,2252,4000,
bag.jpg,bag_obj13.jpg,3732,0,3999,1477,2252,4000,
bag.jpg,bag_obj14.jpg,1231,1999,1488,2251,2252,4000,
bag.jpg,bag_obj15.jpg,1478,2079,2247,2251,2252,4000,
bag.jpg,bag_obj16.jpg,1146,1978,1485,2251,2252,4000,
bag.jpg,bag_obj17.jpg,2193,2124,2494,2251,2252,4000,
bag.jpg,bag_obj18.jpg,1613,1201,1818,1318,2252,4000,
bag.jpg,bag_obj19.jpg,3659,2180,3689,2213,2252,4000,
bag.jpg,bag_obj20.jpg,1146,1978,1252,2251,2252,4000,
bag.jpg,bag_obj21.jpg,2885,1557,3211,2245,2252,4000,
bag.jpg,bag_obj22.jpg,2209,1865,2360,2101,2252,4000,
bag.jpg,bag_obj23.jpg,1254,0,2400,221,2252,4000,
bag.jpg,bag_obj24.jpg,2520,510,2636,662,2252,4000,
bag.jpg,bag_obj25.jpg,2129,2194,2193,2251,2252,4000,
bag.jpg,bag_obj26.jpg,1896,1260,2092,1377,2252,4000,
bag.jpg,bag_obj27.jpg,1125,1592,2005,1872,2252,4000,
bag.jpg,bag_obj28.jpg,927,0,1056,349,2252,4000,
bag.jpg,bag_obj29.jpg,749,2178,1138,2251,2252,4000,
bag.jpg,bag_obj30.jpg,986,990,1162,1031,2252,4000,
bag.jpg,bag_obj31.jpg,1892,1706,2132,1767,2252,4000,
bag.jpg,bag_obj32.jpg,1778,51,2060,137,2252,4000,
